Model,precision,recall,f1,pr_auc
XGB,0.8422628283712974,0.999997264406873,0.9143774297501552,0.9091195303624104
RF,0.8422310424125358,0.9997069495862672,0.9142373195130288,0.8939657477527868
DT,0.8418059464974421,0.9945312073899313,0.9118176175718464,0.8875538045133033
LR,0.8422584615047866,1.0,0.9143760000068788,0.8717637509774248
KNN,0.8642558789630207,0.5711538885686915,0.6877800571705753,0.8719294750327027
NB,0.9398598893357304,0.0735618089314722,0.13644427333633125,0.8850405521723709
LGB,0.8422816066396467,0.9999943578391755,0.914387280289619,0.9106786394114003
